Alabama,Montgomery,Oakland,Tulsa
Alaska,Juneau,California,Omaha
Arizona,Phoenix,Nebraska,Chicago
Arkansas,Little Rock,Elgin,Elk Grove
California,Sacramento,Schaumburg,Savannah
Colorado,Denver,Newark,Chandler
Connecticut,Hartford,Idaho,Seattle
Delaware,Dover,Fort worth,Cincinati
Florida,Tallahassee,Swainsboro,Chicago
Georgia,Atlanta,Jacksonville,Metter
Hawaii,Honolulu,Macon,Barnseville
Idaho,Boise,Akron,Oakland
Illinois,Springfield,Valdosta,Statesboro
Indiana,Indianapolis,Kennesaw,Atlanta
Iowa,Des Moines,Los Angeles,Riverside
Kansas,Topeka,Tulsa,St. Louis
Kentucky,Frankfort,Orlando,Columbus
Louisiana,Baton Rouge,Fresno,Tulsa
Maine,Augusta,El Paso,Albuquerque
Maryland,Annapolis,Plano,Lincoln
Massachusetts,Boston,Rochester,Tampa
Michigan,Lansing,Lubbock,Toledo
Minnesota,Saint Paul,Montgomery,Jersey City
Mississippi,Jackson,Reno,Glendale
Missouri,Jefferson City,Houston,San Antonio
Montana,Helena,Dallas,Lubbock
Nebraska,Lincoln,Norfolk,Boise
Nevada,Carson City,Sacremento,Phoenix
New Hampshire,Concord,Garland,Memphis
New Jersey,Trenton,Pittsburgh,Hershey
New Mexico,Santa Fe,Tulum,Cabo
New York,Albany,Kennesaw,Las Vegas
North Carolina,Raleigh,San Jose,Compton
North Dakota,Bismarck,Brunswick,Darien
Ohio,Columbus,Pembroke,Pooler
Oklahoma,Oklahoma City,Keller,Garland
Oregon,Salem,Toronto,Long Beach
Pennsylvania,Harrisburg,Buffalo,Dallas
Rhode Island,Providence,Santa Ana,New York
South Carolina,Columbia,Milwaukee,Nashville
South Dakota,Pierre,Baltimore,Stockton
Tennessee,Nashville,Chula Vista,Orlando
Texas,Austin,Mesa,Boston
Utah,Salt Lake City,Austin,Birmingham
Vermont,Montpelier,New Orleans,Dallas
Virginia,Richmond,Modesto,Idianapolis
Washington,Olympia,Aurora,Atlanta
West Virginia,Charleston,Birmingham,Wichita
Wisconsin,Madison,Portland,St Paul
Wyoming,Cheyenne,Memphis,Lubbock